,persona_name,Name,Age,Gender,Occupation,Income,Purchase Habits,Category Insights,Additional Adoption Notes,Lifestyle,Motivations,Pain Points,Target Channels,Messaging,Product Recommendations,Engagement,taglines
0,Mature Bookworm Shopper,Susan Francis,48.0,Female,Senior Level Professional,$85k - $130k,"Regular, consistent spending with a majority of purchases made in the first month. Prefers credit card and occasionally cash payments.","Expresses a high interest in Books, with secondary interest in Electronics and Home Appliances. Clothing is the least preferred category.","Is likely to be a mature, well-read individual who is comfortable with technology but does not chase the latest trends.","Values knowledge, comfort, and reliability.","Keen on self-improvement, learning, and maintaining a comfortable lifestyle.",May have difficulty finding high-quality books and reliable electronicshome appliances.,"Email campaigns, book review blogs, online literature forums, and home improvement social media pages.","Focus on the quality, educational value, and reliability of products.","Books, especially bestsellers and classics, reliable electronics, and practical home appliances.","Personalized book recommendations, credit card reward offers, and high-quality home improvement products.",Discover More With Our Wide Range of Books and Reliable Home Products.
1,Bookworm Shopper,Margaret Wilson,48.0,Female,Senior Professional,$80k - $120k,"Regular shopper, prefers credit card payments but also uses cash and PayPal.","Strong interest in Books, Electronics, and Home Appliances. Occasionally buys clothing.","Avid reader, tech user, and home improvement enthusiast.",Values intellectual enrichment and comfort at home.,"Desire to stay informed, updated, and comfortable in her personal space.",Limited time to shop due to professional responsibilities.,"Email campaigns, book clubs, home improvement blogs, social media.","Focus on knowledge enrichment, convenience, and quality.","Bestselling books, practical electronics, and home appliances.","Personalized recommendations, credit card reward offers, and book club affiliations.",Enrich Your Mind and Enhance Your Comfort with Our Top Picks.
2,Seasoned Book Lover,Margaret Smith,48.0,Female,Senior Professional,$90k - $130k,"Frequent purchases with a heavy preference for books, prefers credit card and occasional cash payments.","High interest in Books, Electronics, and Home Appliances.",Prefers traditional reading materials but has an interest in electronics.,Enjoys leisure reading and home improvement.,Seeks intellectual stimulation and home comfort.,Needs more variety in book selection and home appliance options.,"Email campaigns, newsletters, social media.","Focus on book variety, quality of electronics and home appliances.","New book releases, home comfort electronics, small home appliances.","Personalized book recommendations, seasonal home improvement offers.",Indulge Your Love for Reading and Enhance Your Home Comfort.
3,Avid Bookworm Shopper,Margaret Johnson,48.0,Female,Senior Professional,$120k - $170k,Steady spender with significant purchases in the first month. Prefers credit card payments but also uses cash and Paypal.,"Strong interest in Books, followed by Electronics and Home appliances. Has little interest in Clothing.",Likely to be an avid reader and appreciates the convenience of online shopping.,Values intellectual pursuits and home comfort.,Enjoys expanding her knowledge base and staying informed about the world.,May find it challenging to discover new books that match her interests.,"Email campaigns, book review blogs, social media.","Focus on knowledge enrichment, comfort, and value for money.","New and bestselling books, e-readers, home appliances.","Personalized book recommendations, credit card reward offers.",Discover New Worlds and Enhance your Home Comfort with our Diverse Product Range.
4,Mature Book Enthusiast,Jane Smith,48.5,Female,High-Level Professional,$75k - $100k,"Spends mostly at the beginning of the month, prefers credit card payments but also uses cash and PayPal.","High interest in Books, also purchases Electronics and Home appliances.",Likely an avid reader and enjoys home improvements.,Enjoys quiet nights with a good book and making her home cozy.,Seeks knowledge and comfort.,Frustrated with lack of variety in book options and quality of home appliances.,"Email campaigns, book clubs, social media.","Focus on variety, comfort, and quality.","New book releases, e-readers, home decor.","Personalized book recommendations, credit card reward offers.",Indulge Your Mind and Comfort Your Home.
5,Book-Loving Mature Shopper,Janet Johnson,48.0,Female,Senior Professional,$80k - $120k,Spends consistently with a focus on books and home appliances.,"High interest in Books, Electronics, and Home Appliances.",Prefers traditional payment methods but open to credit cards and PayPal.,"Values learning, comfort, and convenience.",Enjoys reading and improving her home environment.,Frustrated with lack of quality book variety and home appliances.,"Email campaigns, book review blogs, social media.","Focus on intellectual growth, comfort, and practicality.","New book releases, home appliances, comfortable clothing.","Personalized book recommendations, discounted home appliance offers.",Enhance Your Reading Experience and Home Comfort with Our Products.
6,Mature Bookworm Shopper,Margaret Smith,48.0,Female,Senior Professional,$75k - $125k,"Consistently high spending, particularly on books, with a preference for credit card payments.","Strong interest in Books, Electronics, and Home appliances.",Likely a regular customer who values quality and knowledge.,"Enjoys reading, staying informed and comfortable at home.","Desires to stay mentally active, informed, and enjoys comfort in home appliances.",Struggles to find quality reading material and reliable home appliances.,"Email campaigns, book review blogs, home improvement social media channels.","Focus on quality, durability, and intellectual stimulation.","Latest books, high-quality electronics, and durable home appliances.","Personalized book recommendations, credit card reward offers.",Enhance Your Home and Mind with Quality Products and Engaging Reads.
7,Mature Bookworm Shopper,Susan Clark,48.0,Female,Upper-level Professional,$70k - $120k,"Regular purchases with a slight preference for credit card payments, and occasional cash and PayPal usage.","High interest in Books, Electronics, and Home Appliances with moderate interest in Clothing.","Mature age group, potentially more comfortable with traditional retail but has embraced online shopping.",Enjoys reading and home improvement activities.,Values self-improvement and maintaining a comfortable household.,"Has limited time due to professional commitments, appreciates convenience and efficiency.","Email campaigns, book review blogs, and lifestyle magazines.","Focus on product quality, practicality, and the joy of reading.","Bestselling books, home appliances, and electronics.","Personalized reading recommendations, loyalty programs, and occasional sales.",Upgrade Your Home and Mind with Our Diverse Product Range.
8,Mature Book Lover,Sarah Thompson,48.0,Female,Educator or Librarian,$70k - $90k,"Makes most purchases in the first month of the quarter, with a focus on books. Prefers using credit card but occasionally uses cash and PayPal.","Strong interest in Books, moderate interest in Electronics and Home Appliances, and little interest in Clothing.",Likely a traditional reader who enjoys physical books but is open to modern technology.,"Values intellectual growth and home comfort. Likely leads a quiet, settled lifestyle.",Driven by the pursuit of knowledge and the comfort of home.,May be frustrated with the declining availability of physical books and the rise of digital reading.,"Email campaigns, book review blogs, literary social media groups.","Focus on the joy of reading, the quality of products, and the comfort of home.","New book releases, quality home appliances, and useful electronics.","Personalized book recommendations, credit card reward offers.",Indulge Your Love for Books and Home Comfort with Our Quality Products.
9,Book Lover Shopper,Susan Parker,48.0,Female,Senior Professional,$80k - $120k,"Frequent purchases with a strong preference for books, but also buys electronics and home appliances. Mostly uses credit card for purchases.","Major interest in Books, with significant purchases of Electronics and Home Appliances.","Likely a slow adopter of technology, but willing to invest in it. Regular reader and home improver.","Values intellectual growth, comfort, and a good home environment.",Enjoys reading and upgrading home appliances.,May struggle to find time for shopping due to a busy professional life.,"Email campaigns, book clubs, home improvement blogs, and social media.","Focus on comfort, practicality, and the joy of reading.","New book releases, electronic reading devices, and efficient home appliances.","Personalized recommendations, credit card reward offers, and book club memberships.",Enhance Your Reading Experience and Home Environment with Our Diverse Range of Products.
10,Avid Reader Shopper,Janet Wilson,48.0,Female,Senior Professional,$80k - $120k,Spends consistently with a focus on books and electronics. Prefers using credit cards with occasional cash and PayPal payments.,"High interest in Books, Electronics, and Home Appliances.",Likely to spend more on quality and value.,Enjoys reading and keeping up with new tech trends.,Believes in lifelong learning and staying updated.,Needs diverse reading material and reliable electronics.,"Email campaigns, blogs, social media, and book review sites.","Focus on variety, quality, and value for money.","Latest book releases, e-readers, smart home devices.","Personalized book recommendations, reward points on credit card purchases.",Expand Your Horizons with Our Diverse Book Selection and Reliable Electronics.
11,Mature Book Lover,Susan Anderson,48.0,Female,Senior Professional,$80k - $120k,"Regular and consistent purchases, predominantly in the first month, with a preference for credit card or cash payments.","High interest in Books, with a moderate interest in Electronics and Home appliances and occasional Clothing purchases.",An avid reader who also appreciates technology and home comforts.,"Enjoys quiet and comfort, often spends her downtime reading.",Values intellectual growth and maintaining a comfortable home.,Struggles to find quality reading materials and reliable electronics.,"Email campaigns, book clubs, social media, and home shopping networks.","Focus on the quality, educational value, and comfort.","New release books, e-readers, home appliances.","Personalized book recommendations, credit card reward offers, and loyalty programs.",Expand Your Mind and Enhance Your Comfort with Quality Products.
12,Book Lover Shopper,Margaret,48.5,Female,Senior-level Professional,$70k - $110k,"Consistent shopper with a heavy preference for books, also interested in electronics and home appliances.","High interest in Books, Electronics, and Home appliances.",Might be interested in new technology but majorly interested in books.,Values knowledge and investment in quality products.,"Enjoys reading, stays updated with the latest home appliances for a comfortable lifestyle.",Frustrated with lack of variety in book selections.,"Email campaigns, book review blogs, social media.","Focus on variety, reliability, and value for money.","New book releases, latest home appliances, electronics.","Personalized book recommendations, credit card reward offers.",Expand Your Knowledge with Our Wide Selection of Books and Enhance Your Lifestyle with Our Diverse Range of Products.
13,Mature Bookworm Shopper,Susan Wright,48.0,Female,Senior-level Professional,$80k - $120k,"Regular spender with a significant purchase once a month, prefers credit card payments but also uses cash and PayPal.","High interest in Books, followed by Electronics and Home appliances.",Likely a value seeker and cautious spender.,"Enjoys reading and staying updated with the latest tech, but also values home comfort.",Enriching personal knowledge and improving home comfort.,Limited time to shop around for the best deals.,"Email campaigns, book review blogs, home improvement websites.","Focus on educational value, convenience, and quality.","New book releases, electronic gadgets, and home appliances.","Personalized recommendations based on past purchases, credit card reward offers, and special book deals.",Enhance Your Knowledge and Comfort with Our Wide Range of Books and Home Appliances.
14,Mature Book Lover,Sarah Johnson,48.0,Female,Senior-level Professional,$80k - $120k,Frequent purchases with a preference for credit card payments.,"Primarily purchases Books, with some interest in Electronics and Home appliances.","Likely a book enthusiast, enjoys reading in her free time.","Values knowledge, comfort, and quality.",Enjoys learning new things and staying updated with the latest information.,Difficulty in finding quality books and home appliances.,"Email campaigns, book review blogs, social media.","Focus on knowledge, comfort, and value for money.","Bestselling books, comfortable clothing, high-quality home appliances.","Personalized book recommendations, credit card reward offers.",Discover New Worlds with Every Page Turned.
15,Intellectual Homebody,Margaret Wilson,48.0,Female,Senior Professional,$80k - $120k,"Consistent spending on books, occasional purchases of electronics and home appliances.","High interest in Books, Electronics, and Home appliances.","Regular shopper, prefers to use credit card but occasionally uses cash and PayPal.","Values comfort and knowledge, enjoys spending time at home.",Enjoys reading and keeping her home comfortable and up-to-date.,Frustrated with lack of quality book options and home appliances.,"Email campaigns, book clubs, social media.","Focus on quality, variety, and value for money.","New book releases, electronic reading devices, quality home appliances.","Personalized recommendations, book club memberships, credit card reward offers.",Enrich Your Mind and Home with Our Quality Selection.
16,Mature Knowledge Seeker,Susan Anderson,48.0,Female,Senior-Level Professional,$80k - $120k,Regular and consistent buyer with a significant focus on books and electronics. Prefers credit card payments but occasionally uses cash and PayPal as well.,"High interest in Books, Electronics, and Home Appliances with a comparatively minor interest in Clothing.","Likely a consistent and loyal customer, enjoys reading, learning and home improvements.",Enjoys a comfortable and intellectually stimulating lifestyle.,Constant learning and staying updated with useful appliances and technology.,May be frustrated with lack of variety or stock in books or specific appliance brands.,"Email campaigns, Book clubs, Home improvement blogs, Social media.","Focus on variety, quality and value for money.","New book releases, quality electronics, efficient home appliances.","Personalized book recommendations, credit card reward offers.",Enhance Your Home and Mind with Our Variety of Products.
17,Mature Booklover,Diane Smith,49.0,Female,Senior-level Professional,$80k - $120k,"Consistent spending, primarily at the beginning of the month. Uses a mix of cash, credit card, and PayPal for payments.","High interest in Books, followed by Electronics and Home appliances.",Likely to be a moderate adopter of technology.,Enjoys reading and values quality home appliances.,Desires to maintain a comfortable and enjoyable home environment.,Frustrated with low-quality products and poor customer service.,"Email campaigns, book review blogs, social media.","Focus on quality, durability, and customer satisfaction.","High-quality books, reliable electronics, and durable home appliances.","Loyalty programs, personalized recommendations, and customer service excellence.",Experience the Joy of Reading and Comfort of Quality Home Appliances.
18,Mature Book Lover,Susan Johnson,48.0,Female,Educator,$60k - $80k,"Frequent shopper with significant spending in the first week of the month, prefers credit card payments.","Significant interest in Books, Electronics and Home Appliances.",Likely an avid reader and home maker who is comfortable with technology.,"Enjoys spending time at home, reading and improving home environment.","Stays updated with the latest literature, enjoys home appliances that make life easier.",Frustrated with lack of variety in literature and home appliance categories.,"Email campaigns, book review blogs, home decor websites.","Focus on variety, comfort, and value for money.","New book releases, electronic reading devices, efficient home appliances.","Personalized recommendations, credit card reward offers.",Enrich Your Home and Mind with Our Variety of Books and Home Appliances.
